{"cameraMode":{"drawMode":0,"name":"Shaded","section":"Shading Mode"},"sceneLighting":true,"audioPlay":false,"sceneViewState":{"m_AlwaysRefresh":false,"showFog":true,"showSkybox":true,"showFlares":true,"showImageEffects":true,"showParticleSystems":true,"showVisualEffectGraphs":true,"m_FxEnabled":true},"in2DMode":false,"pivot":{"x":10.858704566955567,"y":9.445414543151856,"z":37.31729507446289},"rotation":{"x":0.2897840142250061,"y":-0.0011484352871775628,"z":0.0003479735751170665,"w":0.9570966958999634},"size":11.673964500427246,"orthographic":true}